Gtm,Date,,Opp,Rslt,PA,AB,R,H,2B,3B,HR,RBI,BB,IBB,SO,HBP,SH,SF,ROE,GDP,SB,CS,BA,OBP,SLG,OPS,LOB,#,Thr,Opp. Starter (GmeSc)
2015
1,Apr 6,,CLE,"W,2-0",28,25,2,3,0,0,0,2,2,0,7,0,0,1,0,0,1,0,.120,.179,.120,.299,2,9,R,C.Kluber (69),2015
2,Apr 8,,CLE,"L,0-2",33,30,0,4,1,0,0,0,3,0,13,0,0,0,0,1,1,0,.127,.197,.145,.342,6,10,R,C.Carrasco (76),2015
3,Apr 9,,CLE,"L,1-5",35,28,1,1,0,0,1,1,7,0,16,0,0,0,0,0,2,0,.096,.208,.145,.353,7,10,R,T.Bauer (78),2015
4,Apr 10,@,TEX,"W,5-1",37,34,5,10,2,0,2,5,2,0,7,0,1,0,1,0,1,0,.154,.242,.256,.499,5,10,L,D.Holland (45),2015
5,Apr 11,@,TEX,"L,2-6",42,38,2,11,2,0,1,2,4,0,9,0,0,0,0,0,0,0,.187,.270,.297,.567,13,9,R,Y.Gallardo (51),2015
6,Apr 12,@,TEX,"W,6-4",53,50,6,11,1,1,3,6,3,1,9,0,0,0,1,3,3,0,.195,.269,.337,.605,5,12,R,C.Lewis (53),2015
7,Apr 13,,OAK,"L,1-8",35,31,1,5,1,0,1,1,4,0,11,0,0,0,0,1,0,0,.191,.267,.331,.598,7,9,L,S.Kazmir (67),2015
8,Apr 14,,OAK,"L,0-4",38,33,0,8,0,0,0,0,4,0,7,1,0,0,0,2,0,0,.197,.277,.320,.596,11,9,R,K.Graveman (59),2015
9,Apr 15,,OAK,"W,6-1",32,30,6,8,2,1,3,6,2,0,11,0,0,0,0,0,1,0,.204,.280,.358,.638,2,9,L,D.Pomeranz (43),2015
10,Apr 17,,LAA,"L,3-6",36,34,3,8,1,0,1,3,1,0,5,0,0,1,1,1,1,0,.207,.277,.357,.635,6,11,R,J.Weaver (55),2015
11,Apr 18,,LAA,"W,4-0",33,28,4,4,0,0,2,4,5,1,11,0,0,0,0,0,1,0,.202,.277,.357,.634,5,10,L,C.Wilson (64),2015
12,Apr 19,,LAA,"W,4-3",38,31,4,6,0,0,1,3,7,1,8,0,0,0,1,0,2,1,.202,.282,.352,.635,10,10,R,G.Richards (43),2015
13,Apr 20,@,SEA,"W,7-5",37,34,7,9,3,0,3,6,1,0,9,0,1,1,1,1,1,0,.207,.282,.373,.655,3,11,R,H.Iwakuma (45),2015
14,Apr 21,@,SEA,"W,6-3",43,35,6,9,2,0,0,6,6,0,13,1,0,1,1,1,1,0,.210,.290,.369,.658,10,12,R,T.Walker (60),2015
15,Apr 22,@,SEA,"L,2-3",39,36,2,10,2,0,1,2,3,0,7,0,0,0,0,1,1,0,.215,.293,.372,.665,10,9,L,J.Happ (59),2015
16,Apr 24,@,OAK,"W,5-4",49,41,5,11,2,0,0,5,7,2,10,0,1,0,0,0,0,1,.219,.299,.368,.667,11,10,L,S.Kazmir (71),2015
17,Apr 25,@,OAK,"W,9-3",44,38,9,11,3,0,2,8,4,0,4,2,0,0,2,1,0,1,.224,.305,.378,.684,8,9,R,K.Graveman (22),2015
18,Apr 26,@,OAK,"W,7-6",42,38,7,10,2,0,1,7,4,1,9,0,0,0,1,0,4,1,.226,.307,.379,.686,8,11,L,D.Pomeranz (40),2015
19,Apr 27,@,SDP,"W,9-4",42,37,9,10,3,0,3,8,5,0,13,0,0,0,0,0,3,1,.229,.310,.392,.701,6,17,R,J.Shields (63),2015
20,Apr 28,@,SDP,"W,14-3",50,43,14,17,6,1,3,13,4,0,13,2,0,1,0,0,3,0,.239,.319,.416,.736,9,15,R,T.Ross (48),2015
21,Apr 29,@,SDP,"W,7-2",40,36,7,9,4,0,1,6,3,0,10,0,0,1,0,0,2,0,.240,.318,.418,.736,6,12,R,A.Cashner (64),2015
22,Apr 30,,SEA,"W,3-2",37,34,3,7,2,0,0,3,3,0,8,0,0,0,0,1,1,0,.238,.316,.411,.727,6,10,L,J.Paxton (64),2015
2015
23,May 1,,SEA,"W,4-3",32,29,4,9,0,0,3,4,3,0,8,0,0,0,0,3,1,0,.241,.318,.419,.737,4,10,L,R.Elias (53),2015
24,May 2,,SEA,"W,11-4",41,38,11,14,4,0,5,11,3,1,4,0,0,0,1,1,1,0,.247,.323,.439,.762,6,10,R,T.Walker (12),2015
25,May 3,,SEA,"W,7-6",34,30,7,8,2,0,3,7,4,1,9,0,0,0,0,0,0,1,.247,.324,.446,.770,3,9,L,J.Happ (37),2015
26,May 4,,TEX,"L,1-2",32,29,1,4,2,0,0,1,2,0,9,0,0,1,0,1,2,0,.244,.319,.438,.758,4,9,L,R.Detwiler (70),2015
27,May 5,,TEX,"L,1-7",31,30,1,3,1,0,1,1,1,0,9,0,0,0,0,0,0,0,.239,.314,.432,.745,3,10,L,W.Rodriguez (79),2015
28,May 6,,TEX,"L,3-11",34,32,3,7,3,0,1,3,2,0,8,0,0,0,0,2,0,0,.238,.312,.431,.743,4,11,R,C.Lewis (71),2015
29,May 7,@,LAA,"W,3-2",38,33,3,6,0,0,0,3,5,1,8,0,0,0,1,1,3,0,.237,.311,.422,.734,8,11,L,H.Santiago (72),2015
30,May 8,@,LAA,"L,0-2",32,32,0,6,0,0,0,0,0,0,6,0,0,0,1,0,0,2,.235,.308,.415,.723,5,9,R,J.Weaver (81),2015
31,May 9,@,LAA,"W,6-5",37,32,6,6,1,0,3,6,5,0,13,0,0,0,0,0,0,1,.234,.307,.418,.725,4,9,R,M.Shoemaker (26),2015
32,May 10,@,LAA,"L,1-3",33,28,1,1,0,0,0,1,4,0,11,1,0,0,0,0,0,0,.228,.304,.408,.712,5,11,R,G.Richards (74),2015
33,May 12,,SFG,"L,1-8",29,29,1,2,0,0,1,1,0,0,10,0,0,0,0,0,0,0,.224,.298,.401,.700,1,9,R,C.Heston (89),2015
34,May 13,,SFG,"W,4-3",33,30,4,8,0,0,3,4,3,0,7,0,0,0,0,2,0,0,.225,.299,.406,.705,5,10,R,T.Hudson (46),2015
35,May 14,,TOR,"W,6-4",37,31,6,8,5,0,0,5,6,1,13,0,0,0,0,1,2,0,.226,.302,.406,.708,7,9,R,D.Hutchison (62),2015
36,May 15,,TOR,"W,8-4",36,34,8,11,3,0,3,8,0,0,5,1,0,1,0,0,0,0,.229,.302,.414,.716,4,9,R,R.Dickey (22),2015
37,May 16,,TOR,"W,6-5",36,32,6,8,1,0,3,6,4,0,13,0,0,0,0,0,0,0,.230,.303,.418,.721,6,9,R,M.Estrada (57),2015
38,May 17,,TOR,"W,4-2",32,29,4,6,2,0,2,4,2,0,5,0,0,1,0,0,0,0,.229,.302,.419,.721,4,9,L,M.Buehrle (57),2015
39,May 18,,OAK,"L,1-2",35,25,1,2,0,0,0,1,6,0,8,1,2,1,0,2,1,0,.226,.301,.413,.714,7,10,L,D.Pomeranz (52),2015
40,May 19,,OAK,"W,6-4",37,33,6,11,1,0,3,6,4,0,6,0,0,0,0,0,0,1,.229,.304,.418,.722,7,10,R,S.Gray (42),2015
41,May 20,,OAK,"W,6-1",37,33,6,10,3,0,1,6,3,0,9,0,0,1,1,0,0,1,.231,.305,.420,.725,7,10,R,J.Hahn (54),2015
42,May 21,@,DET,"L,5-6",43,42,5,9,2,1,1,4,1,0,14,0,0,0,0,0,0,0,.230,.303,.419,.722,5,11,L,D.Price (65),2015
43,May 22,@,DET,"L,2-6",33,31,2,4,2,0,0,1,1,0,7,0,1,0,1,0,0,0,.228,.300,.414,.714,4,11,R,A.Simon (69),2015
44,May 23,@,DET,"W,3-2",36,32,3,8,1,0,0,3,3,0,8,0,0,1,0,1,0,1,.228,.300,.411,.711,6,10,L,K.Lobstein (41),2015
45,May 24,@,DET,"W,10-8",44,39,10,13,1,1,2,9,4,1,15,0,1,0,0,0,2,0,.231,.303,.415,.718,7,10,R,A.Sanchez (34),2015
46,May 25,@,BAL,"L,3-4",37,37,3,11,2,0,1,3,0,0,12,0,0,0,0,1,0,0,.233,.303,.415,.718,7,11,L,W.Chen (39),2015
47,May 26,@,BAL,"W,4-1",39,33,4,8,4,0,0,4,6,0,5,0,0,0,0,1,1,0,.233,.304,.414,.718,8,10,R,C.Tillman (61),2015
48,May 27,@,BAL,"L,4-5",39,38,4,11,5,0,1,4,1,0,5,0,0,0,0,0,0,0,.234,.304,.416,.720,8,10,R,U.Jimenez (45),2015
49,May 29,,CHW,"L,3-6",44,40,3,10,3,0,0,2,3,0,11,0,0,1,1,1,0,1,.235,.304,.414,.718,8,9,L,C.Rodon (53),2015
50,May 30,,CHW,"W,3-0",34,29,3,8,0,0,2,3,4,0,10,0,0,1,0,0,1,0,.235,.305,.415,.720,7,10,L,J.Quintana (62),2015
51,May 31,,CHW,"L,0-6",33,32,0,10,4,1,0,0,1,0,6,0,0,0,0,3,0,0,.237,.305,.417,.722,6,9,L,J.Danks (72),2015
2015
52,Jun 1,,BAL,"W,5-2",35,29,5,9,1,0,1,5,4,0,10,1,0,1,0,0,1,0,.238,.307,.417,.724,6,12,R,U.Jimenez (62),2015
53,Jun 2,,BAL,"W,6-4",37,33,6,9,1,0,2,6,3,0,9,1,0,0,0,1,0,0,.239,.308,.419,.726,7,9,R,M.Wright (34),2015
54,Jun 3,,BAL,"W,3-1",27,27,3,4,0,0,3,3,0,0,10,0,0,0,0,1,0,0,.237,.306,.419,.725,0,10,R,M.Gonzalez (62),2015
55,Jun 4,,BAL,"L,2-3",36,31,2,5,2,0,1,2,4,0,14,0,0,1,0,0,1,0,.236,.305,.418,.722,7,11,L,W.Chen (62),2015
56,Jun 5,@,TOR,"L,2-6",31,31,2,6,0,0,1,1,0,0,6,0,0,0,0,2,1,0,.235,.303,.416,.719,2,9,R,A.Sanchez (67),2015
57,Jun 6,@,TOR,"L,2-7",33,32,2,8,0,0,1,2,1,0,10,0,0,0,0,2,0,1,.236,.302,.415,.717,4,12,R,D.Hutchison (61),2015
58,Jun 7,@,TOR,"L,6-7",42,34,6,8,2,0,1,4,5,0,8,2,0,1,1,0,2,1,.236,.304,.414,.717,9,10,R,R.Dickey (54),2015
59,Jun 8,@,CHW,"L,1-3",34,32,1,5,2,0,0,1,1,0,16,1,0,0,0,0,0,0,.234,.302,.411,.713,6,9,L,C.Sale (81),2015
60,Jun 9,@,CHW,"L,2-4",37,34,2,7,2,0,1,2,2,0,8,1,0,0,0,0,1,0,.234,.301,.410,.711,8,10,L,C.Rodon (67),2015
61,Jun 10,@,CHW,"L,1-4",38,35,1,7,2,0,0,1,2,0,6,0,0,1,2,0,1,0,.233,.300,.407,.707,10,10,L,J.Quintana (62),2015
62,Jun 12,,SEA,"W,10-0",39,34,10,11,2,0,4,9,5,0,10,0,0,0,0,2,0,0,.235,.302,.413,.715,5,11,R,F.Hernandez (8),2015
63,Jun 13,,SEA,"L,1-8",36,31,1,6,3,0,0,1,5,0,7,0,0,0,1,2,0,0,.234,.302,.411,.713,8,9,L,M.Montgomery (57),2015
64,Jun 14,,SEA,"W,13-0",47,39,13,14,3,0,2,12,7,0,8,1,0,0,1,0,0,0,.236,.306,.414,.720,10,10,L,R.Elias (14),2015
65,Jun 15,,COL,"W,6-3",36,33,6,9,0,0,3,6,3,0,9,0,0,0,0,0,0,0,.237,.306,.416,.722,6,10,R,C.Bettis (36),2015
66,Jun 16,,COL,"W,8-5",39,34,8,11,0,0,3,8,4,1,10,1,0,0,0,1,2,0,.238,.308,.419,.726,7,9,L,C.Rusin (18),2015
67,Jun 17,@,COL,"W,8-4",43,37,8,13,3,0,4,8,4,0,5,0,2,0,0,0,1,1,.240,.309,.424,.734,8,15,R,K.Kendrick (35),2015
68,Jun 18,@,COL,"W,8-4",41,38,8,13,4,0,2,8,2,0,17,0,1,0,0,1,3,0,.242,.310,.427,.738,6,13,R,D.Hale (35),2015
69,Jun 19,@,SEA,"L,2-5",33,31,2,4,1,0,2,2,0,0,13,2,0,0,0,0,0,0,.240,.309,.426,.735,4,10,L,R.Elias (71),2015
70,Jun 20,@,SEA,"L,3-6",36,35,3,8,1,0,2,3,1,0,15,0,0,0,0,0,0,0,.240,.308,.426,.734,6,11,R,T.Walker (62),2015
71,Jun 21,@,SEA,"W,6-2",40,36,6,10,1,0,2,5,4,0,10,0,0,0,1,2,0,0,.241,.309,.427,.736,7,9,L,J.Happ (45),2015
72,Jun 22,@,LAA,"L,3-4",34,32,3,5,2,0,1,3,2,0,6,0,0,0,0,0,0,0,.240,.307,.426,.733,4,10,L,H.Santiago (67),2015
73,Jun 23,@,LAA,"W,13-3",49,43,13,16,4,0,3,11,4,1,8,1,0,1,1,0,0,0,.242,.310,.430,.739,9,11,L,C.Wilson (17),2015
74,Jun 24,@,LAA,"L,1-2",46,43,1,7,1,0,0,1,3,1,12,0,0,0,1,1,1,1,.241,.308,.426,.734,6,11,L,A.Heaney (64),2015
75,Jun 25,,NYY,"W,4-0",34,28,4,7,4,0,0,4,3,0,6,2,0,1,1,0,2,1,.241,.309,.425,.734,6,9,R,A.Warren (52),2015
76,Jun 26,,NYY,"L,2-3",35,32,2,5,1,0,0,2,3,0,11,0,0,0,0,0,2,0,.240,.308,.422,.730,6,10,R,N.Eovaldi (58),2015
77,Jun 27,,NYY,"L,6-9",41,37,6,10,4,0,3,6,4,0,12,0,0,0,0,0,0,0,.240,.308,.425,.733,8,10,R,M.Tanaka (32),2015
78,Jun 28,,NYY,"W,3-1",28,26,3,7,3,1,0,2,0,0,8,0,1,1,0,1,0,2,.240,.308,.426,.733,1,10,R,M.Pineda (66),2015
79,Jun 29,,KCR,"W,6-1",37,29,6,7,1,0,2,6,7,0,8,0,0,1,0,1,0,0,.240,.308,.426,.735,7,9,R,J.Blanton (26),2015
80,Jun 30,,KCR,"W,4-0",31,29,4,6,1,1,1,3,2,0,6,0,0,0,0,1,0,0,.240,.308,.426,.734,3,9,L,D.Duffy (50),2015
2015
81,Jul 1,,KCR,"W,6-5",38,34,6,10,1,0,2,6,2,0,12,2,0,0,0,0,3,0,.241,.309,.427,.736,8,10,R,E.Volquez (38),2015
82,Jul 3,@,BOS,"W,12-8",53,48,12,17,3,0,1,11,4,0,9,1,0,0,1,0,2,0,.243,.311,.428,.738,11,10,R,J.Masterson (25),2015
83,Jul 4,@,BOS,"L,1-6",32,32,1,6,1,0,0,1,0,0,8,0,0,0,0,1,0,0,.242,.309,.425,.735,4,9,R,C.Buchholz (79),2015
84,Jul 5,@,BOS,"L,4-5",41,36,4,9,0,0,2,4,5,0,14,0,0,0,1,0,2,1,.242,.310,.425,.735,10,12,L,E.Rodriguez (57),2015
85,Jul 6,@,CLE,"W,9-4",44,39,9,16,3,0,2,9,3,0,12,0,1,1,0,1,0,1,.244,.311,.428,.740,8,10,R,C.Carrasco (26),2015
86,Jul 7,@,CLE,"L,0-2",34,32,0,6,0,0,0,0,2,0,9,0,0,0,0,1,0,0,.244,.311,.426,.736,7,9,R,C.Kluber (69),2015
87,Jul 8,@,CLE,"L,2-4",33,33,2,6,0,0,1,2,0,0,10,0,0,0,0,0,1,0,.243,.309,.424,.733,4,9,R,T.Bauer (71),2015
88,Jul 9,@,CLE,"L,1-3",32,29,1,4,0,0,1,1,3,0,2,0,0,0,0,1,0,1,.242,.308,.422,.731,4,11,R,C.Anderson (63),2015
89,Jul 10,@,TBR,"L,1-3",31,30,1,5,1,0,1,1,1,0,8,0,0,0,0,1,0,0,.241,.307,.421,.728,3,12,R,E.Ramirez (64),2015
90,Jul 11,@,TBR,"L,0-3",35,30,0,3,1,0,0,0,5,0,6,0,0,0,0,0,0,0,.240,.307,.418,.725,8,12,R,J.Odorizzi (67),2015
91,Jul 12,@,TBR,"L,3-4",38,34,3,7,1,0,1,3,4,0,6,0,0,0,0,0,0,0,.240,.306,.417,.723,8,10,L,M.Moore (45),2015
92,Jul 17,,TEX,"W,3-2",33,28,3,9,2,1,0,3,4,0,6,0,1,0,0,3,0,0,.240,.307,.417,.725,6,12,L,M.Perez (37),2015
93,Jul 18,,TEX,"L,6-7",37,36,6,8,2,0,2,5,1,0,8,0,0,0,1,0,1,0,.240,.307,.418,.724,4,11,R,C.Lewis (69),2015
94,Jul 19,,TEX,"W,10-0",44,36,10,13,4,0,2,10,6,0,5,1,0,1,0,0,0,0,.241,.308,.420,.729,10,11,R,Y.Gallardo (26),2015
95,Jul 21,,BOS,"W,8-3",38,31,8,9,2,1,1,6,4,0,6,2,0,1,0,1,2,0,.242,.309,.421,.731,6,11,L,B.Johnson (40),2015
96,Jul 22,,BOS,"W,4-2",33,31,4,8,1,0,3,4,1,0,8,1,0,0,1,1,0,1,.242,.309,.423,.732,5,10,R,J.Kelly (45),2015
97,Jul 23,,BOS,"W,5-4",37,32,5,10,3,0,3,5,5,0,5,0,0,0,0,0,0,1,.243,.310,.425,.736,7,10,L,W.Miley (59),2015
98,Jul 24,@,KCR,"W,4-0",38,36,4,11,2,0,1,4,2,0,5,0,0,0,0,0,1,0,.243,.311,.426,.736,7,10,R,J.Guthrie (40),2015
99,Jul 25,@,KCR,"L,1-2",34,32,1,5,1,0,0,1,1,0,6,0,0,1,0,0,0,1,.243,.309,.423,.733,3,9,L,D.Duffy (64),2015
100,Jul 26,@,KCR,"L,1-5",34,33,1,6,2,1,0,1,0,0,5,1,0,0,0,0,0,0,.242,.308,.422,.731,6,9,R,Y.Ventura (66),2015
101,Jul 28,,LAA,"W,10-5",40,33,10,14,3,1,2,9,4,0,9,2,1,0,0,1,1,0,.244,.311,.425,.736,6,10,L,C.Wilson (26),2015
102,Jul 29,,LAA,"W,6-3",36,31,6,11,2,0,2,6,3,0,5,0,0,2,0,1,0,1,.245,.311,.427,.738,6,9,R,G.Richards (44),2015
103,Jul 30,,LAA,"W,3-0",35,32,3,6,0,0,1,3,2,0,8,1,0,0,1,1,0,0,.244,.311,.426,.737,6,10,R,M.Shoemaker (77),2015
104,Jul 31,,ARI,"L,4-6",38,37,4,8,0,0,2,4,1,0,9,0,0,0,2,1,0,1,.244,.310,.425,.735,4,9,R,R.De La Rosa (43),2015
2015
105,Aug 1,,ARI,"W,9-2",39,36,9,14,2,0,4,9,2,0,4,1,0,0,1,2,0,0,.245,.311,.429,.740,6,10,R,J.Hellickson (20),2015
106,Aug 2,,ARI,"W,4-1",37,30,4,8,2,0,1,4,4,0,11,1,1,1,0,0,2,0,.246,.312,.429,.741,9,10,L,R.Ray (39),2015
107,Aug 3,@,TEX,"L,9-12",42,40,9,13,3,0,3,9,2,0,6,0,0,0,0,0,0,0,.247,.312,.431,.743,6,9,R,C.Lewis (26),2015
108,Aug 4,@,TEX,"L,3-4",37,32,3,6,1,0,1,3,4,0,8,1,0,0,0,1,2,0,.246,.312,.430,.742,7,11,R,Y.Gallardo (48),2015
109,Aug 5,@,TEX,"L,3-4",39,30,3,4,1,0,0,3,8,0,5,1,0,0,0,1,3,0,.245,.312,.428,.740,9,11,R,N.Martinez (59),2015
110,Aug 6,@,OAK,"W,5-4",41,37,5,9,1,0,1,4,2,0,10,0,1,1,1,0,2,1,.245,.312,.427,.739,6,11,R,A.Brooks (71),2015
111,Aug 7,@,OAK,"L,1-3",31,31,1,5,0,0,1,1,0,0,5,0,0,0,0,1,0,0,.244,.311,.426,.737,3,9,R,S.Gray (78),2015
112,Aug 8,@,OAK,"L,1-2",37,32,1,6,1,0,1,1,5,0,5,0,0,0,0,1,1,0,.244,.311,.425,.735,9,12,R,J.Chavez (61),2015
113,Aug 9,@,OAK,"L,4-5",36,32,4,6,2,0,1,4,4,0,12,0,0,0,0,0,1,1,.243,.310,.424,.734,5,11,R,C.Bassitt (72),2015
114,Aug 11,@,SFG,"L,1-3",31,31,1,5,0,1,0,1,0,0,12,0,0,0,0,0,1,1,.243,.309,.422,.732,3,13,L,M.Bumgarner (85),2015
115,Aug 12,@,SFG,"W,2-0",35,29,2,5,0,0,2,2,6,0,6,0,0,0,0,1,0,2,.242,.309,.422,.731,6,17,R,C.Heston (63),2015
116,Aug 14,,DET,"W,5-1",35,30,5,8,3,1,0,5,4,0,6,0,1,0,0,1,3,0,.242,.310,.422,.732,6,11,R,A.Simon (37),2015
117,Aug 15,,DET,"L,2-4",41,39,2,8,0,0,1,2,2,0,11,0,0,0,0,0,0,0,.242,.309,.421,.730,6,12,R,J.Verlander (76),2015
118,Aug 16,,DET,"W,6-5",37,33,6,9,0,2,2,6,4,0,5,0,0,0,0,1,0,1,.242,.310,.422,.732,5,9,L,M.Boyd (36),2015
119,Aug 17,,TBR,"L,2-9",38,35,2,7,0,0,1,1,3,0,8,0,0,0,1,0,0,0,.242,.309,.421,.730,9,12,R,E.Ramirez (49),2015
120,Aug 18,,TBR,"W,3-2",38,34,3,10,3,0,1,3,3,1,12,0,1,0,0,1,1,1,.242,.309,.421,.731,8,12,R,J.Odorizzi (64),2015
121,Aug 19,,TBR,"W,3-2",48,46,3,11,2,0,1,3,2,0,19,0,0,0,0,2,2,0,.242,.309,.420,.729,7,10,R,N.Karns (63),2015
122,Aug 20,,TBR,"L,0-1",28,27,0,1,0,0,0,0,1,0,11,0,0,0,0,0,0,0,.241,.308,.418,.725,1,10,R,C.Archer (95),2015
123,Aug 21,,LAD,"W,3-0",30,30,3,7,2,0,2,3,0,0,8,0,0,0,0,1,1,0,.241,.307,.418,.726,3,10,L,B.Anderson (51),2015
124,Aug 22,,LAD,"W,3-1",27,27,3,3,0,1,2,3,0,0,6,0,0,0,1,0,0,1,.240,.306,.418,.724,0,10,R,Z.Greinke (64),2015
125,Aug 23,,LAD,"W,3-2",36,36,3,10,3,0,1,3,0,0,12,0,0,0,0,0,2,1,.240,.306,.419,.724,5,11,L,C.Kershaw (74),2015
126,Aug 24,@,NYY,"L,0-1",35,31,0,5,0,0,0,0,3,0,9,0,1,0,1,0,0,1,.240,.305,.417,.722,8,10,R,N.Eovaldi (78),2015
127,Aug 25,@,NYY,"W,15-1",51,43,15,15,4,1,3,14,8,0,4,0,0,0,1,0,0,0,.241,.307,.420,.726,9,11,R,I.Nova (17),2015
128,Aug 26,@,NYY,"W,6-2",39,34,6,10,1,0,2,5,3,0,8,1,0,1,0,2,2,0,.241,.307,.420,.727,6,10,R,M.Pineda (33),2015
129,Aug 28,@,MIN,"L,0-3",37,33,0,6,1,0,0,0,4,0,10,0,0,0,1,0,0,0,.241,.307,.419,.726,10,11,R,K.Gibson (62),2015
130,Aug 29,@,MIN,"W,4-1",42,38,4,10,2,0,0,4,4,0,6,0,0,0,2,0,1,0,.241,.307,.418,.725,11,9,R,M.Pelfrey (31),2015
131,Aug 30,@,MIN,"L,5-7",38,36,5,12,2,0,2,5,1,0,12,1,0,0,0,1,0,1,.242,.308,.419,.726,6,10,R,E.Santana (75),2015
132,Aug 31,,SEA,"W,8-3",37,33,8,11,2,0,3,8,2,0,4,1,0,1,1,2,1,0,.242,.308,.421,.729,5,10,L,V.Nuno (38),2015
2015
133,Sep 1,,SEA,"L,5-7",40,35,5,9,2,0,1,4,4,1,9,0,0,1,0,0,1,0,.243,.308,.421,.729,8,11,L,R.Elias (42),2015
134,Sep 2,,SEA,"L,3-8",36,31,3,7,4,0,0,3,3,0,7,1,0,1,0,1,0,1,.242,.308,.420,.728,6,9,R,T.Walker (52),2015
135,Sep 4,,MIN,"W,8-0",37,36,8,13,1,0,2,8,1,0,10,0,0,0,0,1,0,0,.243,.309,.421,.730,5,13,R,M.Pelfrey (23),2015
136,Sep 5,,MIN,"L,2-3",38,34,2,8,1,0,1,2,4,0,12,0,0,0,0,1,1,0,.243,.309,.421,.730,9,12,R,E.Santana (75),2015
137,Sep 6,,MIN,"W,8-5",38,34,8,11,3,0,2,8,4,0,9,0,0,0,0,1,0,0,.244,.309,.422,.731,6,12,R,T.Duffey (61),2015
138,Sep 7,@,OAK,"L,9-10",40,35,9,11,3,0,3,9,2,0,5,0,2,1,1,0,2,1,.244,.310,.424,.733,4,12,L,F.Doubront (42),2015
139,Sep 8,@,OAK,"L,0-4",34,32,0,5,1,0,0,0,2,0,5,0,0,0,0,0,0,0,.244,.309,.422,.731,7,10,R,S.Gray (69),2015
140,Sep 9,@,OAK,"W,11-5",46,40,11,13,5,0,4,11,3,0,6,2,0,1,1,0,1,0,.245,.310,.425,.735,8,10,R,A.Brooks (27),2015
141,Sep 11,@,LAA,"L,2-3",33,30,2,5,1,0,1,2,2,0,11,1,0,0,0,1,2,1,.244,.309,.424,.733,4,9,R,J.Weaver (59),2015
142,Sep 12,@,LAA,"L,2-3",34,32,2,6,1,0,2,2,2,0,6,0,0,0,0,0,0,1,.244,.309,.424,.733,5,9,L,H.Santiago (60),2015
143,Sep 13,@,LAA,"W,5-3",43,38,5,12,1,1,2,5,3,0,10,2,0,0,0,0,0,1,.244,.310,.425,.735,11,13,L,A.Heaney (57),2015
144,Sep 14,@,TEX,"L,3-5",41,36,3,8,1,0,1,3,3,0,6,2,0,0,2,2,1,0,.244,.310,.424,.734,11,10,L,C.Hamels (54),2015
145,Sep 15,@,TEX,"L,5-6",41,36,5,10,3,1,0,5,3,1,5,1,1,0,1,1,0,0,.244,.310,.424,.734,9,10,L,D.Holland (28),2015
146,Sep 16,@,TEX,"L,3-14",37,35,3,10,0,0,1,3,2,0,7,0,0,0,0,1,0,0,.245,.310,.424,.734,7,14,L,M.Perez (57),2015
147,Sep 17,@,TEX,"L,2-8",36,34,2,9,2,0,0,2,1,0,6,1,0,0,0,2,0,0,.245,.310,.423,.733,7,13,R,C.Lewis (53),2015
148,Sep 18,,OAK,"L,3-4",34,30,3,5,0,0,1,3,2,0,8,0,1,1,0,0,1,0,.244,.309,.422,.732,4,10,L,F.Doubront (53),2015
149,Sep 19,,OAK,"W,10-6",40,33,10,15,5,0,2,9,5,0,4,0,0,2,0,2,1,0,.246,.311,.425,.735,6,13,R,S.Gray (30),2015
150,Sep 20,,OAK,"W,5-1",35,31,5,9,0,0,3,5,3,0,5,0,1,0,0,1,1,0,.246,.311,.426,.737,6,10,R,A.Brooks (54),2015
151,Sep 21,,LAA,"W,6-3",35,32,6,11,2,1,2,6,3,0,8,0,0,0,0,0,0,1,.247,.312,.427,.739,5,9,R,J.Weaver (34),2015
152,Sep 22,,LAA,"L,3-4",41,32,3,6,3,0,2,2,9,2,8,0,0,0,0,1,0,0,.246,.312,.427,.739,11,15,L,H.Santiago (50),2015
153,Sep 23,,LAA,"L,5-6",40,36,5,9,2,1,0,5,4,2,6,0,0,0,1,0,2,1,.246,.312,.427,.739,8,15,R,N.Tropeano (54),2015
154,Sep 25,,TEX,"L,2-6",40,38,2,11,3,1,1,2,2,0,10,0,0,0,0,0,1,0,.247,.312,.427,.740,11,13,R,Y.Gallardo (42),2015
155,Sep 26,,TEX,"W,9-7",40,33,9,10,0,0,6,9,4,0,3,1,1,1,1,0,0,1,.247,.313,.430,.743,7,10,L,D.Holland (36),2015
156,Sep 27,,TEX,"W,4-2",33,32,4,8,2,0,1,3,1,0,7,0,0,0,1,1,1,0,.247,.312,.430,.742,5,13,L,M.Perez (63),2015
157,Sep 28,@,SEA,"W,3-2",37,31,3,7,2,0,3,3,3,0,9,2,1,0,0,0,0,1,.247,.313,.431,.743,7,13,L,R.Elias (61),2015
158,Sep 29,@,SEA,"L,4-6",38,35,4,8,3,0,1,4,2,0,9,0,0,0,0,0,0,0,.247,.312,.431,.743,7,13,L,V.Nuno (48),2015
159,Sep 30,@,SEA,"W,7-6",41,39,7,14,2,1,2,7,2,0,12,0,0,0,0,1,2,0,.248,.313,.432,.745,7,12,R,T.Zych (56),2015
160,Oct 2,@,ARI,"W,21-5",57,46,21,19,4,1,4,18,8,1,8,0,1,2,3,0,1,0,.249,.314,.435,.750,9,19,R,R.De La Rosa (27),2015
161,Oct 3,@,ARI,"W,6-2",43,36,6,11,4,0,3,6,3,0,9,2,1,1,1,1,2,0,.249,.315,.437,.752,10,16,R,J.Hellickson (44),2015
162,Oct 4,@,ARI,"L,3-5",39,36,3,11,2,1,0,2,2,0,14,1,0,0,0,1,2,0,.250,.315,.437,.752,9,18,L,R.Ray (48),2015
